[
  {
    "image": "assets/images/jadeImage.png",
    "title": "Jade Planet",
    "isFav": true,
    "price": 40.25,
    "star": 3.5
  },
  {
    "image": "assets/images/cactusImage.png",
    "title": "Cactus",
    "isFav": false,
    "price": 23.75,
    "star": 4.7
  },
  {
    "image": "assets/images/philodendronImage.png",
    "title": "Philodendron",
    "isFav": false,
    "price": 30.50,
    "star": 3.8
  },
  {
    "image": "assets/images/monsteraImage.png",
    "title": "Monstera",
    "isFav": true,
    "price": 35.25,
    "star": 3.4
  },
  {
    "image": "assets/images/aloeVeraImage.png",
    "title": "Aloe Vera",
    "isFav": true,
    "price": 20.50,
    "star": 4.9
  },
  {
    "image": "assets/images/rubberImage.png",
    "title": "Rubber",
    "isFav": false,
    "price": 43.65,
    "star": 1.9
  }
]
